Insertar 15 nuevos empleados:
De diferente género
Almenos 3 empleados tienen el mismo nombre
INSERT INTO employees (emp_no, birth_date, first_name, last_name, gender, hire_date)
VALUES ('1', '1992/04/02', 'Florencia', 'Garcia', 'F', '2013/05/03'),
('2', '1993/02/02', 'Luisa', 'Rodríguez', 'F', '2013/05/03'),
('3', '1982/04/05', 'Rosario', 'Gonzalez', 'F', '2013/05/03'),
('4', '1988/10/12', 'Gaspar', 'Fernandez', 'M', '2017/09/08'),
('5', '1998/09/07', 'Marcelo', 'Lopez', 'M', '2017/09/08'),
('6', '1991/01/22', 'Tato', 'Martinez', 'M', '2017/09/08'),
('7', '1992/03/04', 'Gerardo', 'Sanchez', 'M', '2018/03/27'),
('8', '1997/09/08', 'Marcos', 'Perez', 'M', '2018/03/27'),
('9', '1991/11/12', 'Marcos', 'Gomez', 'M', '2018/03/27'),
('10', '1996/06/26', 'Maria', 'Martin', 'F', '2018/09/12'),
('11', '1999/12/23', 'Marcos', 'Jimenez', 'M', '2018/09/12'),
('12', '2000/08/11', 'Gustavo', 'Ruiz', 'M', '2018/09/12'),
('13', '1983/03/27', 'Martin', 'Hernandez', 'M', '2019/02/02'),
('14', '1991/05/22', 'Zulema', 'Diaz', 'F', '2019/02/02'),
('15', '1999/07/12', 'Alonso', 'Moreno', 'F', '2019/02/02');

INSERT INTO departments (dept_no, dept_name)
VALUES ("1", "deptA"),
("2", "deptB"),
("3", "deptC"),
("4", "deptD"),  
("5", "deptE");


5 empleados son managers
INSERT INTO dept_manager (emp_no, dept_no, from_date, to_date)
VALUES ("3", "1", "2013-05-03", "2019-11-27"),
("4", "2", "2017-09-08", "2019-11-27"),
("7", "3", "2018-03-27", "2019-11-27"),
("10", "4", "2018-09-12", "2019-11-27"),
("13", "5", "2019-02-02", "2019-11-27");


10 empleados pertenecen a más de un departamento
INSERT INTO dept_emp (emp_no, dept_no, from_date, to_date)
VALUES
("1", "1", "2013-05-03", "2019-11-27"),
("1", "2", "2017-09-08", "2019-11-27"),
("2", "1", "2013-05-03", "2019-11-27"),
("2", "2", "2017-09-08", "2019-11-27"),
("4", "2", "2017-09-08", "2019-11-27"),
("4", "3", "2018-03-27", "2019-11-27"),
("5", "2", "2017-09-08", "2019-11-27"),
("5", "3", "2018-03-27", "2019-11-27"),
("7", "3", "2018-03-27", "2019-11-27"),
("7", "4", "2018-09-12", "2019-11-27"),
("8", "3", "2018-03-27", "2019-11-27"),
("8", "4", "2018-09-12", "2019-11-27"),
("10", "4", "2018-09-12", "2019-11-27"),
("10", "5", "2019-02-02", "2019-11-27"),
("11", "4", "2018-09-12", "2019-11-27"),
("11", "5", "2019-02-02", "2019-11-27"),
("13", "5", "2019-02-02", "2019-11-27"),
("13", "1", "2019-02-02", "2019-11-27"),
("14", "5", "2019-02-02", "2019-11-27"),
("14", "2", "2019-02-02", "2019-11-27");


Todos los empleados disponen de algún título y como mínimo 5 títulos son de 2019
INSERT INTO titles (emp_no, title, from_date, to_date)
VALUES
('1', 'titleA', '2013/05/03', '2019-11-27'),
('2', 'titleB', '2013/05/03', '2019-11-27'),
('3', 'titleC', '2013/05/03', '2019-11-27'),
('4', 'titleD', '2017/09/08', '2019-11-27'),
('5', 'titleE', '2017/09/08', '2019-11-27'),
('6', 'titleF', '2017/09/08', '2019-11-27'),
('7', 'titleG', '2018/03/27', '2019-11-27'),
('8', 'titleH', '2018/03/27', '2019-11-27'),
('9', 'titleI', '2019/03/27', '2019-11-27'),
('10', 'titleJ', '2019/09/12', '2019-11-27'),
('11', 'titleK', '2018/09/12', '2019-11-27'),
('12', 'titleL', '2018/09/12', '2019-11-27'),
('13', 'titleM', '2019/02/02', '2019-11-27'),
('14', 'titleN', '2019/02/02', '2019-11-27'),
('15', 'titleO', '2019/02/02', '2019-11-27');

5 empleados deberán tener como mínimo dos salarios en diferentes rangos de fechas y diferentes cantidades
Con salarios que estén entre un rango de 5.000 y 50.000
INSERT INTO salaries (emp_no, salary, from_date, to_date)
VALUES
("1", "5000", "2013/05/03", "2013/06/03"),
("1", "20000", "2019-10-27", "2019-11-27"),
("2", "6000", "2017-09-08", "2017-10-08"),
("2", "25000", "2019-10-27", "2019-11-27"),
("3", "7000", "2017-09-08", "2017-10-08"),  
("3", "30000", "2019-10-27", "2019-11-27"),
("4", "8000", "2018-09-12", "2018-10-12"),
("4", "35000", "2019-10-27", "2019-11-27"),
("5", "9000", "2019-02-02", "2019-03-02"),
("5", "40000", "2019-10-27", "2019-11-27");  
